book_name,grade,semester,unit_no,title,textbook_page,toc_ocr_page,matched_alias,matched_in_ocr,source_text
人教版1年级数学上册,1,上,1,准备课,2,2,准备课,True,目 | 录 | 准备课 | 位置 | 1~5的认识
人教版1年级数学上册,1,上,2,位置,9,2,位置,True,目 | 录 | 准备课 | 位置 | 1~5的认识 | 和加减法
人教版1年级数学上册,1,上,3,1~5的认识和加减法,14,2,1~5的认识和加减法,True,目 | 录 | 准备课 | 位置 | 1~5的认识 | 和加减法 | 14 | 认识图形（一）
人教版1年级数学上册,1,上,4,认识图形（一）,34,2,认识图形（一）,True,目 | 录 | 准备课 | 位置 | 1~5的认识 | 和加减法 | 14 | 认识图形（一） | 34 | 6~10的认识
人教版1年级数学上册,1,上,5,6~10的认识和加减法,39,2,6~10的认识,True,准备课 | 位置 | 1~5的认识 | 和加减法 | 14 | 认识图形（一） | 34 | 6~10的认识 | 39 | 和加减法
人教版1年级数学上册,1,上,6,11~20各数的认识,73,3,11~20各数的认识,True,11~20各数的 | 认识 | 73 | 数学乐园
人教版1年级数学上册,1,上,活动,数学乐园,82,3,数学乐园,True,11~20各数的 | 认识 | 73 | 数学乐园 | 82 | 认识钟表
人教版1年级数学上册,1,上,7,认识钟表,84,3,认识钟表,True,11~20各数的 | 认识 | 73 | 数学乐园 | 82 | 认识钟表 | 84 | 20以内的
人教版1年级数学上册,1,上,8,20以内的进位加法,88,3,20以内的进位加法,True,认识 | 73 | 数学乐园 | 82 | 认识钟表 | 84 | 20以内的 | 进位加法 | 88 | 总复习
人教版1年级数学上册,1,上,9,总复习,104,3,总复习,True,数学乐园 | 82 | 认识钟表 | 84 | 20以内的 | 进位加法 | 88 | 总复习 | 104
人教版1年级数学下册,1,下,1,认识图形（二）,2,2,认识图形（二）,True,目录 | 认识图形 （二） | 20以内的 | 退位减法
人教版1年级数学下册,1,下,2,20以内的退位减法,8,2,20以内的退位减法,True,目录 | 认识图形 （二） | 20以内的 | 退位减法 | 分类与整理 | 27
人教版1年级数学下册,1,下,3,分类与整理,27,2,分类与整理,True,目录 | 认识图形 （二） | 20以内的 | 退位减法 | 分类与整理 | 27 | 100以内数的
人教版1年级数学下册,1,下,4,100以内数的认识,33,2,100以内数的,True,目录 | 认识图形 （二） | 20以内的 | 退位减法 | 分类与整理 | 27 | 100以内数的 | 33 | 认识
人教版1年级数学下册,1,下,活动,摆一摆，想一想,51,2,摆一摆，想一想,True,退位减法 | 分类与整理 | 27 | 100以内数的 | 33 | 认识 | 摆一摆， | 想一想 | 51
人教版1年级数学下册,1,下,5,认识人民币,52,3,认识人民币,True,认识人民币 | 52 | 100以内的加法
人教版1年级数学下册,1,下,6,100以内的加法和减法（一）,61,3,100以内的加法,True,认识人民币 | 52 | 100以内的加法 | 61 | 和减法（一）
人教版1年级数学下册,1,下,7,找规律,85,3,找规律,True,认识人民币 | 52 | 100以内的加法 | 61 | 和减法（一） | 找规律 | 85 | 总复习
人教版1年级数学下册,1,下,8,总复习,92,3,总复习,True,认识人民币 | 52 | 100以内的加法 | 61 | 和减法（一） | 找规律 | 85 | 总复习 | 92
人教版2年级数学上册,2,上,1,长度单位,2,2,长度单位,True,目 | 录 | 长度单位 | 100以内的加法 | 和减法（二)
人教版2年级数学上册,2,上,2,100以内的加法和减法（二）,11,2,100以内的加法和减法（二）,True,目 | 录 | 长度单位 | 100以内的加法 | 和减法（二) | 11 | 角的初步认识
人教版2年级数学上册,2,上,3,角的初步认识,38,2,角的初步认识,True,目 | 录 | 长度单位 | 100以内的加法 | 和减法（二) | 11 | 角的初步认识 | 38 | 表内乘法（一）
人教版2年级数学上册,2,上,4,表内乘法（一）,46,2,表内乘法（一）,True,录 | 长度单位 | 100以内的加法 | 和减法（二) | 11 | 角的初步认识 | 38 | 表内乘法（一） | 46 | 观察物体（一)
人教版2年级数学上册,2,上,5,观察物体（一）,68,2,观察物体（一）,True,100以内的加法 | 和减法（二) | 11 | 角的初步认识 | 38 | 表内乘法（一） | 46 | 观察物体（一) | 68 | 95
人教版2年级数学上册,2,上,6,表内乘法（二）,72,3,表内乘法（二）,True,表内乘法（二） | 72 | 量一量，比一比
人教版2年级数学上册,2,上,活动,量一量，比一比,88,3,量一量，比一比,True,表内乘法（二） | 72 | 量一量，比一比 | 88 | 认识时间
人教版2年级数学上册,2,上,7,认识时间,90,3,认识时间,True,表内乘法（二） | 72 | 量一量，比一比 | 88 | 认识时间 | 90 | 数学广角
人教版2年级数学上册,2,上,8,数学广角,97,3,数学广角,True,表内乘法（二） | 72 | 量一量，比一比 | 88 | 认识时间 | 90 | 数学广角 | 97 | 总复习
人教版2年级数学上册,2,上,9,总复习,100,3,总复习,True,72 | 量一量，比一比 | 88 | 认识时间 | 90 | 数学广角 | 97 | 总复习 | 100
人教版2年级数学下册,2,下,1,数据收集整理,2,2,数据收集整理,True,目录 | 数据收集整理 | 表内除法（一) | 图形的运动（一）
人教版2年级数学下册,2,下,2,表内除法（一）,7,2,表内除法（一）,True,目录 | 数据收集整理 | 表内除法（一) | 图形的运动（一） | 28
人教版2年级数学下册,2,下,3,图形的运动（一）,28,2,图形的运动（一）,True,目录 | 数据收集整理 | 表内除法（一) | 图形的运动（一） | 28 | 表内除法 (二)
人教版2年级数学下册,2,下,4,表内除法（二）,38,2,表内除法（二）,True,目录 | 数据收集整理 | 表内除法（一) | 图形的运动（一） | 28 | 表内除法 (二) | 混合运算 | 有余数的除法
人教版2年级数学下册,2,下,5,混合运算,47,2,混合运算,True,目录 | 数据收集整理 | 表内除法（一) | 图形的运动（一） | 28 | 表内除法 (二) | 混合运算 | 有余数的除法 | 59
人教版2年级数学下册,2,下,6,有余数的除法,59,2,有余数的除法,True,目录 | 数据收集整理 | 表内除法（一) | 图形的运动（一） | 28 | 表内除法 (二) | 混合运算 | 有余数的除法 | 59
人教版2年级数学下册,2,下,活动,小小设计师,72,3,小小设计师,True,小小设计师 | 72 | 万以内数的认识
人教版2年级数学下册,2,下,7,万以内数的认识,74,3,万以内数的认识,True,小小设计师 | 72 | 万以内数的认识 | 74 | 克和千克
人教版2年级数学下册,2,下,8,克和千克,100,3,克和千克,True,小小设计师 | 72 | 万以内数的认识 | 74 | 克和千克 | 100 | 数学广角
人教版2年级数学下册,2,下,9,数学广角-推理,109,3,数学广角推理,True,小小设计师 | 72 | 万以内数的认识 | 74 | 克和千克 | 100 | 数学广角 | 推理 | 109 | 10
人教版2年级数学下册,2,下,10,总复习,113,3,总复习,True,74 | 克和千克 | 100 | 数学广角 | 推理 | 109 | 10 | 总复习 | 113
人教版3年级数学上册,3,上,1,时、分、秒,2,2,时、分、秒,True,目录 | 时、分、秒 | 万以内的加法 | 和减法（一）
人教版3年级数学上册,3,上,2,万以内的加法和减法（一）,11,2,万以内的加法和减法（一）,True,目录 | 时、分、秒 | 万以内的加法 | 和减法（一） | 测量 | 万以内的加法
人教版3年级数学上册,3,上,3,测量,21,2,测量,True,目录 | 时、分、秒 | 万以内的加法 | 和减法（一） | 测量 | 万以内的加法 | 和减法（二）
人教版3年级数学上册,3,上,4,万以内的加法和减法（二）,36,2,万以内的加法和减法（二）,True,目录 | 时、分、秒 | 万以内的加法 | 和减法（一） | 测量 | 万以内的加法 | 和减法（二） | 36 | 倍的认识
人教版3年级数学上册,3,上,5,倍的认识,50,2,倍的认识,True,时、分、秒 | 万以内的加法 | 和减法（一） | 测量 | 万以内的加法 | 和减法（二） | 36 | 倍的认识 | 50 | 多位数乘一位数
人教版3年级数学上册,3,上,6,多位数乘一位数,56,2,多位数乘一位数,True,和减法（一） | 测量 | 万以内的加法 | 和减法（二） | 36 | 倍的认识 | 50 | 多位数乘一位数 | 56
人教版3年级数学上册,3,上,活动,数字编码,77,3,数字编码,True,数字编码 | 77 | 长方形和正方形
人教版3年级数学上册,3,上,7,长方形和正方形,79,3,长方形和正方形,True,数字编码 | 77 | 长方形和正方形 | 79 | 分数的初步认识
人教版3年级数学上册,3,上,8,分数的初步认识,89,3,分数的初步认识,True,数字编码 | 77 | 长方形和正方形 | 79 | 分数的初步认识 | 89 | 数学广角
人教版3年级数学上册,3,上,9,数学广角-集合,104,3,数学广角集合,True,数字编码 | 77 | 长方形和正方形 | 79 | 分数的初步认识 | 89 | 数学广角 | 集合 | 104 | 10
人教版3年级数学上册,3,上,10,总复习,108,3,总复习,True,79 | 分数的初步认识 | 89 | 数学广角 | 集合 | 104 | 10 | 总复习 | 108
人教版3年级数学下册,3,下,1,位置与方向（一）,2,2,位置与方向（一）,True,目录 | 位置与方向（一） | 除数是一位数 | 的除法
人教版3年级数学下册,3,下,2,除数是一位数的除法,11,2,除数是一位数的除法,True,目录 | 位置与方向（一） | 除数是一位数 | 的除法 | LL | 统计
人教版3年级数学下册,3,下,3,统计,36,2,统计,True,目录 | 位置与方向（一） | 除数是一位数 | 的除法 | LL | 统计 | 36 | 两位数乘两位数
人教版3年级数学下册,3,下,4,两位数乘两位数,41,2,两位数乘两位数,True,目录 | 位置与方向（一） | 除数是一位数 | 的除法 | LL | 统计 | 36 | 两位数乘两位数 | 41 | 面积
人教版3年级数学下册,3,下,5,面积,60,2,面积,True,除数是一位数 | 的除法 | LL | 统计 | 36 | 两位数乘两位数 | 41 | 面积 | 60 | 年、月、日
人教版3年级数学下册,3,下,6,年、月、日,76,2,年、月、日,True,LL | 统计 | 36 | 两位数乘两位数 | 41 | 面积 | 60 | 年、月、日 | 76
人教版3年级数学下册,3,下,活动,制作活动日历,90,3,制作活动日历,True,制作活动日历 | 90 | 小数的初步认识
人教版3年级数学下册,3,下,7,小数的初步认识,91,3,小数的初步认识,True,制作活动日历 | 90 | 小数的初步认识 | 91 | 数学广角
人教版3年级数学下册,3,下,8,数学广角,101,3,数学广角,True,制作活动日历 | 90 | 小数的初步认识 | 91 | 数学广角 | 101 | 我们的校园
人教版3年级数学下册,3,下,活动,我们的校园,106,3,我们的校园,True,制作活动日历 | 90 | 小数的初步认识 | 91 | 数学广角 | 101 | 我们的校园 | 106 | 总复习
人教版3年级数学下册,3,下,9,总复习,108,3,总复习,True,90 | 小数的初步认识 | 91 | 数学广角 | 101 | 我们的校园 | 106 | 总复习 | 108
人教版4年级数学上册,4,上,1,大数的认识,2,2,大数的认识,True,目 录 | 大数的认识 | 1亿有多大 | 33
人教版4年级数学上册,4,上,活动,1亿有多大,33,2,1亿有多大,True,目 录 | 大数的认识 | 1亿有多大 | 33 | 2
人教版4年级数学上册,4,上,2,公顷和平方千米,34,2,公顷和平方千米,True,目 录 | 大数的认识 | 1亿有多大 | 33 | 2 | 公顷和平方千米 | 34 | 角的度量
人教版4年级数学上册,4,上,3,角的度量,38,2,角的度量,True,目 录 | 大数的认识 | 1亿有多大 | 33 | 2 | 公顷和平方千米 | 34 | 角的度量 | 38 | 三位数乘两位数
人教版4年级数学上册,4,上,4,三位数乘两位数,47,2,三位数乘两位数,True,1亿有多大 | 33 | 2 | 公顷和平方千米 | 34 | 角的度量 | 38 | 三位数乘两位数 | 47
人教版4年级数学上册,4,上,5,平行四边形和梯形,56,3,平行四边形和梯形,True,平行四边形和梯形 | 56 | 除数是两位数
人教版4年级数学上册,4,上,6,除数是两位数的除法,71,3,除数是两位数的除法,True,平行四边形和梯形 | 56 | 除数是两位数 | 的除法 | 71 | 条形统计图
人教版4年级数学上册,4,上,7,条形统计图,94,3,条形统计图,True,平行四边形和梯形 | 56 | 除数是两位数 | 的除法 | 71 | 条形统计图 | 94 | 数学广角一优化
人教版4年级数学上册,4,上,8,数学广角-优化,104,3,优化,True,平行四边形和梯形 | 56 | 除数是两位数 | 的除法 | 71 | 条形统计图 | 94 | 数学广角一优化 | 104 | 总复习
人教版4年级数学上册,4,上,9,总复习,109,3,总复习,True,除数是两位数 | 的除法 | 71 | 条形统计图 | 94 | 数学广角一优化 | 104 | 总复习 | 109 | 中
人教版4年级数学下册,4,下,1,四则运算,2,2,四则运算,True,目 | 录 | ★ | 四则运算 | 观察物体（二） | 13
人教版4年级数学下册,4,下,2,观察物体（二）,13,2,观察物体（二）,True,目 | 录 | ★ | 四则运算 | 观察物体（二） | 13 | 运算定律
人教版4年级数学下册,4,下,3,运算定律,17,2,运算定律,True,目 | 录 | ★ | 四则运算 | 观察物体（二） | 13 | 运算定律 | 小数的意义和性质 | 33
人教版4年级数学下册,4,下,4,小数的意义和性质,33,2,小数的意义和性质,True,目 | 录 | ★ | 四则运算 | 观察物体（二） | 13 | 运算定律 | 小数的意义和性质 | 33 | 三角形
人教版4年级数学下册,4,下,5,三角形,60,2,三角形,True,★ | 四则运算 | 观察物体（二） | 13 | 运算定律 | 小数的意义和性质 | 33 | 三角形 | 60
人教版4年级数学下册,4,下,6,小数的加法和减法,72,3,小数的加法和减法,True,小数的加法和减法72 | 图形的运动（二） | 83
人教版4年级数学下册,4,下,7,图形的运动（二）,83,3,图形的运动（二）,True,小数的加法和减法72 | 图形的运动（二） | 83 | X
人教版4年级数学下册,4,下,8,统计,91,3,统计,True,小数的加法和减法72 | 图形的运动（二） | 83 | X | 统计 | 91 | ★
人教版4年级数学下册,4,下,活动,营养午餐,102,3,营养午餐,True,小数的加法和减法72 | 图形的运动（二） | 83 | X | 统计 | 91 | ★ | 营养午餐 | 102 | ★
人教版4年级数学下册,4,下,9,数学广角,104,3,数学广角,True,X | 统计 | 91 | ★ | 营养午餐 | 102 | ★ | 数学广角 | 104 | 10
人教版4年级数学下册,4,下,10,总复习,109,3,总复习,True,★ | 营养午餐 | 102 | ★ | 数学广角 | 104 | 10 | 总复习 | 109
人教版5年级数学上册,5,上,1,小数乘法,2,2,小数乘法,True,目录 | 小数乘法 | 2 | 位置
人教版5年级数学上册,5,上,2,位置,19,2,位置,True,目录 | 小数乘法 | 2 | 位置 | 19 | 3
人教版5年级数学上册,5,上,3,小数除法,24,2,小数除法,True,目录 | 小数乘法 | 2 | 位置 | 19 | 3 | 小数除法 | 24 | 可能性
人教版5年级数学上册,5,上,4,可能性,44,2,可能性,True,小数乘法 | 2 | 位置 | 19 | 3 | 小数除法 | 24 | 可能性 | 44 | 掷一掷
人教版5年级数学上册,5,上,活动,掷一掷,50,2,掷一掷,True,位置 | 19 | 3 | 小数除法 | 24 | 可能性 | 44 | 掷一掷 | 50
人教版5年级数学上册,5,上,5,简易方程,52,3,简易方程,True,简易方程 | 52 | 多边形的面积
人教版5年级数学上册,5,上,6,多边形的面积,86,3,多边形的面积,True,简易方程 | 52 | 多边形的面积 | 86 | 数学广角
人教版5年级数学上册,5,上,7,数学广角-植树问题,106,3,数学广角植树问题,True,简易方程 | 52 | 多边形的面积 | 86 | 数学广角 | 植树问题 | 106 | 总复习
人教版5年级数学上册,5,上,8,总复习,112,3,总复习,True,简易方程 | 52 | 多边形的面积 | 86 | 数学广角 | 植树问题 | 106 | 总复习 | 112 | *4X132
人教版5年级数学下册,5,下,1,观察物体（三）,2,2,观察物体（三）,True,目录 | 观察物体（三） | 因数与倍数 | 长方体和正方体
人教版5年级数学下册,5,下,2,因数与倍数,5,2,因数与倍数,True,目录 | 观察物体（三） | 因数与倍数 | 长方体和正方体 | 18
人教版5年级数学下册,5,下,3,长方体和正方体,18,2,长方体和正方体,True,目录 | 观察物体（三） | 因数与倍数 | 长方体和正方体 | 18 | 探索图形
人教版5年级数学下册,5,下,活动,探索图形,44,2,探索图形,True,目录 | 观察物体（三） | 因数与倍数 | 长方体和正方体 | 18 | 探索图形 | 44 | 分数的意义和性质45
人教版5年级数学下册,5,下,4,分数的意义和性质,45,2,分数的意义和性质,True,目录 | 观察物体（三） | 因数与倍数 | 长方体和正方体 | 18 | 探索图形 | 44 | 分数的意义和性质45 | 图形的运动（三）83
人教版5年级数学下册,5,下,5,图形的运动（三）,83,2,图形的运动（三）,True,观察物体（三） | 因数与倍数 | 长方体和正方体 | 18 | 探索图形 | 44 | 分数的意义和性质45 | 图形的运动（三）83
人教版5年级数学下册,5,下,6,分数的加法和减法,89,3,分数的加法和减法,True,分数的加法和减法 | 89 | 打电话
人教版5年级数学下册,5,下,活动,打电话,103,3,打电话,True,分数的加法和减法 | 89 | 打电话 | 103 | 统计
人教版5年级数学下册,5,下,7,统计,105,3,统计,True,分数的加法和减法 | 89 | 打电话 | 103 | 统计 | 105 | 数学广角
人教版5年级数学下册,5,下,8,数学广角,112,3,数学广角,True,分数的加法和减法 | 89 | 打电话 | 103 | 统计 | 105 | 数学广角 | 112 | 总复习
人教版5年级数学下册,5,下,9,总复习,116,3,总复习,True,89 | 打电话 | 103 | 统计 | 105 | 数学广角 | 112 | 总复习 | 116
人教版6年级数学上册,6,上,1,分数乘法,2,2,分数乘法,True,目录 | 分数乘法 | 位置与方向（二） | 19
人教版6年级数学上册,6,上,2,位置与方向（二）,19,2,位置与方向（二）,True,目录 | 分数乘法 | 位置与方向（二） | 19 | 分数除法
人教版6年级数学上册,6,上,3,分数除法,28,2,分数除法,True,目录 | 分数乘法 | 位置与方向（二） | 19 | 分数除法 | 28 | 比
人教版6年级数学上册,6,上,4,比,48,2,比,True,目录 | 分数乘法 | 位置与方向（二） | 19 | 分数除法 | 28 | 比 | 48 | 圆
人教版6年级数学上册,6,上,5,圆,57,2,圆,True,分数乘法 | 位置与方向（二） | 19 | 分数除法 | 28 | 比 | 48 | 圆 | 57
人教版6年级数学上册,6,上,活动,确定起跑线,80,3,确定起跑线,True,确定起跑线 | 80 | 百分数（·）
人教版6年级数学上册,6,上,6,百分数（一）,82,3,百分数,True,确定起跑线 | 80 | 百分数（·） | 82 | 扇形统计图
人教版6年级数学上册,6,上,7,扇形统计图,96,3,扇形统计图,True,确定起跑线 | 80 | 百分数（·） | 82 | 扇形统计图 | 96 | 节约用水
人教版6年级数学上册,6,上,活动,节约用水,105,3,节约用水,True,确定起跑线 | 80 | 百分数（·） | 82 | 扇形统计图 | 96 | 节约用水 | 105 | 数学广角
人教版6年级数学上册,6,上,8,数学广角-数与形,107,3,数学广角数与形,True,百分数（·） | 82 | 扇形统计图 | 96 | 节约用水 | 105 | 数学广角 | 数与形 | 107 | 总复习
人教版6年级数学上册,6,上,9,总复习,112,3,总复习,True,扇形统计图 | 96 | 节约用水 | 105 | 数学广角 | 数与形 | 107 | 总复习 | 12
人教版6年级数学下册,6,下,1,负数,2,2,负数,True,目 | 负数 | 百分数（二） | 8
人教版6年级数学下册,6,下,2,百分数（二）,8,2,百分数（二）,True,目 | 负数 | 百分数（二） | 8 | 生活与百分数
人教版6年级数学下册,6,下,活动,生活与百分数,16,2,生活与百分数,True,目 | 负数 | 百分数（二） | 8 | 生活与百分数 | 16 | 圆柱与圆锥
人教版6年级数学下册,6,下,3,圆柱与圆锥,17,2,圆柱与圆锥,True,目 | 负数 | 百分数（二） | 8 | 生活与百分数 | 16 | 圆柱与圆锥 | 17 | 比例
人教版6年级数学下册,6,下,4,比例,40,2,比例,True,负数 | 百分数（二） | 8 | 生活与百分数 | 16 | 圆柱与圆锥 | 17 | 比例 | 40
人教版6年级数学下册,6,下,活动,自行车里的数学,67,3,自行车里的数学,True,自行车里的数学 | 67 | 数学广角
人教版6年级数学下册,6,下,5,数学广角,68,3,数学广角,True,自行车里的数学 | 67 | 数学广角 | 68 | 整理和复习
人教版6年级数学下册,6,下,6,整理和复习,72,3,整理和复习,True,自行车里的数学 | 67 | 数学广角 | 68 | 整理和复习 | 72 | 1.数与代数
人教版6年级数学下册,6,下,6.1,数与代数,72,3,数与代数,True,自行车里的数学 | 67 | 数学广角 | 68 | 整理和复习 | 72 | 1.数与代数 | 72 | 2.图形与儿何
人教版6年级数学下册,6,下,6.2,图形与几何,86,3,图形与儿何,True,67 | 数学广角 | 68 | 整理和复习 | 72 | 1.数与代数 | 72 | 2.图形与儿何 | 86 | 3.统计与概率
人教版6年级数学下册,6,下,6.3,统计与概率,96,3,统计与概率,True,68 | 整理和复习 | 72 | 1.数与代数 | 72 | 2.图形与儿何 | 86 | 3.统计与概率 | 96 | 4.数学思考
人教版6年级数学下册,6,下,6.4,数学思考,100,3,数学思考,True,72 | 1.数与代数 | 72 | 2.图形与儿何 | 86 | 3.统计与概率 | 96 | 4.数学思考 | 100 | 5.综合与实践
人教版6年级数学下册,6,下,6.5,综合与实践,105,3,综合与实践,True,72 | 2.图形与儿何 | 86 | 3.统计与概率 | 96 | 4.数学思考 | 100 | 5.综合与实践 | 105
